id,Name,email,age,gender
1,Hall,hwyant0@bbb.org,Female,Bigender
2,Tammi,tcuppleditch1@cnbc.com,Agender,Male
3,Amalia,arihanek2@comcast.net,Genderqueer,Male
4,Barty,byokelman3@patch.com,Genderfluid,Polygender
5,Lilyan,lliddyard4@gizmodo.com,Non-binary,Bigender
6,Whitman,wgipp5@yelp.com,Genderqueer,Polygender
7,Billie,bdensie6@artisteer.com,Agender,Polygender
8,Nyssa,ngoddertsf7@google.cn,Agender,Genderqueer
9,Bartlet,bpemble8@unblog.fr,Non-binary,Genderfluid
10,Pansy,pbadham9@deliciousdays.com,Non-binary,Polygender
11,Neil,npennettaa@flickr.com,Genderqueer,Non-binary
12,Jeralee,jroperb@homestead.com,Bigender,Bigender
13,Abbey,abegleyc@jiathis.com,Agender,Non-binary
14,Grazia,gcritchelld@sourceforge.net,Non-binary,Male
15,Glennie,ghowele@miitbeian.gov.cn,Female,Polygender
16,Selene,sgoomesf@dyndns.org,Genderfluid,Bigender
17,Dalt,dhanceg@jugem.jp,Female,Male
18,Cassaundra,crubinekh@tiny.cc,Agender,Non-binary
19,Johnath,jreynoldsi@nih.gov,Female,Non-binary
20,Lock,ltarquinij@wisc.edu,Genderfluid,Genderqueer
21,Clerc,cbenitok@drupal.org,Genderqueer,Bigender
22,Louis,lnotel@cnbc.com,Bigender,Bigender
23,Edie,esilwoodm@army.mil,Female,Bigender
24,Thorin,traishern@blinklist.com,Genderqueer,Non-binary
25,Petronia,pklouzo@wiley.com,Non-binary,Female
26,Norah,nrycroftp@constantcontact.com,Male,Bigender
27,Marja,mkubisq@bluehost.com,Polygender,Bigender
28,Dita,djaegarr@yandex.ru,Agender,Non-binary
29,Laurice,loutrights@bing.com,Female,Genderfluid
30,Gage,gfaltskogt@goo.ne.jp,Agender,Genderqueer
31,Laure,lrizzoneu@oaic.gov.au,Polygender,Bigender
32,Simone,soutridgev@apache.org,Female,Bigender
33,Wendall,wwilcherw@bloomberg.com,Polygender,Polygender
34,Ofilia,omulbryx@infoseek.co.jp,Bigender,Polygender
35,Libby,lfewingsy@chronoengine.com,Genderqueer,Polygender
36,Alma,aleatherz@weibo.com,Non-binary,Genderqueer
37,Fawnia,fstappard10@boston.com,Agender,Polygender
38,Phillie,pblore11@apple.com,Polygender,Genderqueer
39,Manya,mspearing12@cdc.gov,Bigender,Bigender
40,Pammi,pbeckhouse13@flickr.com,Genderfluid,Non-binary
41,Johnette,jrhymes14@sogou.com,Genderqueer,Genderqueer
42,Eben,elangdon15@twitpic.com,Non-binary,Non-binary
43,Fremont,fheaford16@homestead.com,Agender,Genderfluid
44,Iona,ismetoun17@blog.com,Agender,Bigender
45,Daria,dmcentee18@cnn.com,Genderqueer,Genderqueer
46,Sal,sgoymer19@cloudflare.com,Polygender,Polygender
47,Alyce,arannells1a@chron.com,Non-binary,Genderfluid
48,Lesley,lbalstone1b@gmpg.org,Non-binary,Male
49,Verena,vbuckwell1c@hostgator.com,Genderqueer,Female
50,Bernelle,bdaniells1d@about.com,Polygender,Genderqueer
51,Cris,cmaccague1e@people.com.cn,Polygender,Bigender
52,Gigi,grozenzweig1f@squarespace.com,Non-binary,Non-binary
53,Jenn,jfrape1g@google.nl,Female,Polygender
54,Serena,sguthrie1h@simplemachines.org,Male,Non-binary
55,Lilia,lwindus1i@hhs.gov,Polygender,Agender
56,Nessa,nbraunstein1j@buzzfeed.com,Male,Genderqueer
57,Noach,nboc1k@squidoo.com,Female,Genderfluid
58,Pavel,psharply1l@sfgate.com,Female,Genderfluid
59,Lorin,lstopforth1m@oaic.gov.au,Genderqueer,Non-binary
60,Roseline,rsainteau1n@va.gov,Genderfluid,Non-binary
61,Sigismond,sthrelfall1o@cnbc.com,Polygender,Bigender
62,Alyssa,askones1p@google.com,Polygender,Bigender
63,Ardelia,abambrugh1q@utexas.edu,Polygender,Genderfluid
64,Vern,vdommerque1r@studiopress.com,Polygender,Polygender
65,Junette,jmegarrell1s@shinystat.com,Bigender,Male
66,Miriam,mschukraft1t@blogtalkradio.com,Non-binary,Genderfluid
67,Westbrook,wcorryer1u@cyberchimps.com,Polygender,Bigender
68,Cathrin,cmaccosto1v@nifty.com,Non-binary,Polygender
69,Ysabel,ygrgic1w@xing.com,Non-binary,Genderfluid
70,Ronnica,rfosberry1x@prweb.com,Bigender,Non-binary
71,Daffie,dhegel1y@google.pl,Non-binary,Bigender
72,Ettie,egofton1z@kickstarter.com,Male,Non-binary
73,Barclay,bcarvell20@fda.gov,Female,Female
74,Becca,blewin21@g.co,Non-binary,Non-binary
75,Philipa,pdelong22@reverbnation.com,Non-binary,Genderfluid
76,Borden,bwhitley23@cbsnews.com,Bigender,Polygender
77,Phaidra,phargrove24@cpanel.net,Male,Non-binary
78,Neilla,npurvey25@issuu.com,Female,Non-binary
79,Mariska,mcourtenay26@gov.uk,Non-binary,Genderfluid
80,Janessa,jsogg27@typepad.com,Polygender,Male
81,Ambrosi,apetrol28@wikispaces.com,Agender,Genderqueer
82,Padraic,pomarkey29@wunderground.com,Female,Bigender
83,Felecia,frugieri2a@biblegateway.com,Agender,Bigender
84,Franzen,fthewles2b@nature.com,Male,Agender
85,Tobie,tcrimes2c@arstechnica.com,Genderfluid,Genderfluid
86,Emelia,ebarstowk2d@blogspot.com,Agender,Polygender
87,Jeno,jbrummitt2e@github.com,Female,Agender
88,Ivonne,iborel2f@mozilla.com,Female,Bigender
89,Nadia,nboraston2g@mediafire.com,Genderfluid,Genderfluid
90,Aggy,alaffling2h@japanpost.jp,Bigender,Male
91,Scarface,smcquaide2i@themeforest.net,Bigender,Female
92,Ofella,osuttell2j@elegantthemes.com,Agender,Polygender
93,Sofia,skordas2k@dagondesign.com,Agender,Agender
94,Frayda,fruilton2l@feedburner.com,Polygender,Genderqueer
95,Sigfried,slavin2m@mlb.com,Male,Female
96,Ruthie,rmains2n@amazonaws.com,Genderqueer,Non-binary
97,Arvie,apaschek2o@microsoft.com,Non-binary,Agender
98,Eda,emacguigan2p@ucoz.com,Genderfluid,Non-binary
99,Ulberto,uhawkswell2q@infoseek.co.jp,Bigender,Polygender
100,Susann,sphinnessy2r@about.me,Male,Genderfluid
